feature,shap_importance
Neighborhood,14713.367182104166
Brick,6929.830444760998
Bedrooms,4305.347815764482
SqFt,2617.3309820966056
Bathrooms,1284.0536272176903
Home,542.6713853276356
Offers,0.0
