feature,mean_importance
Offers,0.0
Home,6674125.000000012
Brick,41304763.8888889
Bathrooms,52480296.875
Bedrooms,85199194.44444445
SqFt,102922590.27777779
Neighborhood,436962166.6666667
